URL,Status,Title,H1 Count,H1,Meta Length,Word Count,Phones,Booking
https://www.clearwaterdentist.com/financing/carecredit,,"CareCredit Dental Financing in Clearwater, FL | Clearwater Dentist",1,"CareCredit Dental Financing",163,3215,"(727) 797-8444|(727) 285-8132|727-591-4577|727-610-7702|727-300-0253","dentrix"
https://www.clearwaterdentist.com/sunbit,,"Sunbit Dental Financing in Clearwater, FL | Clearwater Dentist",0,"",161,2675,"(727) 797-8444|(727) 285-8132|727-591-4577|727-610-7702|727-300-0253","dentrix"
https://www.clearwaterdentist.com/Invisalign-service-clearwater-fl,,"Invisalign Treatment in Clearwater, FL | Clearwater Dentist",1,"Invisalign Service at Clearwater, FL",164,8998,"(727) 797-8444|(727) 285-8132|727-591-4577|727-610-7702|727-300-0253","dentrix"
https://www.clearwaterdentist.com/contact-us,,"Contact Our Dental Office in Clearwater, FL | Clearwater Dentist",1,"Request an Appointment!",160,4787,"(727) 285-8132|(727) 797-8444|727-591-4577|727-610-7702|727-300-0253","dentrix"
https://www.clearwaterdentist.com/root-canal-clearwater-fl,,"Root Canal Treatment in Clearwater, FL | Clearwater Dentist",1,"Root Canal at Clearwater, FL",165,8638,"(727) 797-8444|(727) 285-8132|727-591-4577|727-610-7702|727-300-0253","dentrix"
https://www.clearwaterdentist.com/gum-disease-treatment,,"Gum Disease Treatment in Clearwater, FL | Clearwater Dentist",1,"Gum Disease Treatment at Clearwater, FL",161,5385,"(727) 285-8132|(727) 797-8444|727-591-4577|727-610-7702|727-300-0253","dentrix"
https://www.clearwaterdentist.com/tooth-extraction-clearwater-fl,,"Tooth Extraction Treatment in Clearwater, FL | Clearwater Dentist",1,"Tooth Extraction Service at Clearwater, FL",165,8776,"(727) 797-8444|(727) 285-8132|727-591-4577|727-610-7702|727-300-0253","dentrix"
https://www.clearwaterdentist.com/crowns-and-bridges,,"Dental Crowns &amp; Bridges Treatment in Clearwater, FL | Clearwater Dentist",1,"Dental Crowns &amp; Bridges at Clearwater, FL",166,7820,"(727) 797-8444|(727) 285-8132|727-591-4577|727-610-7702|727-300-0253","dentrix"
https://www.clearwaterdentist.com/dental-implants-clearwater-fl,,"Dental Implant Treatment in Clearwater, FL | Clearwater Dentist",1,"Dental Implants at Clearwater, FL",161,12373,"(727) 797-8444|(727) 285-8132|727-591-4577|727-610-7702|727-300-0253","dentrix"
https://www.clearwaterdentist.com/blog,,"Dental Blog &amp; Oral Health Tips | Clearwater Dentist",1,"Check Out Our Blog",166,3407,"(727) 797-8444|(727) 285-8132|727-591-4577|727-610-7702|727-300-0253","dentrix"
https://www.clearwaterdentist.com/general-dentistry,,"General Dentistry in Clearwater, FL | Clearwater Dentist",1,"General Dentistry at Clearwater, FL",165,9919,"(727) 285-8132|(727) 797-8444|727-591-4577|727-610-7702|727-300-0253","dentrix"
https://www.clearwaterdentist.com/emergency-dentistry-clearwater-fl,,"Emergency Dentistry in Clearwater, FL | Clearwater Dentist",1,"Same-Day Emergency Dentistry Clearwater, FL",160,13236,"(727) 797-8444|(727) 285-8132|727-591-4577|727-610-7702|727-300-0253","dentrix"
https://www.clearwaterdentist.com/pediatric-dentistry-clearwater-fl,,"Pediatric Dentist Clearwater FL | Children of All Ages",1,"Pediatric Dentistry at Clearwater, FL",148,4735,"(727) 797-8444|(727) 285-8132|727-591-4577|727-610-7702|727-300-0253","dentrix"
https://www.clearwaterdentist.com/facial-esthetics,,"Facial Esthetics Treatment in Clearwater, FL | Clearwater Dentist",1,"Facial &amp; Laser Esthetic in Clearwater, FL",166,5334,"(727) 285-8132|(727) 797-8444|727-591-4577|727-610-7702|727-300-0253","dentrix"
https://www.clearwaterdentist.com/holistic-orthodontics,,"Holistic Orthodontics | Clearwater Dentist",1,"Holistic Orthodontics at Clearwater, FL",140,5083,"(727) 797-8444|(727) 285-8132|727-591-4577|727-610-7702|727-300-0253","dentrix"
https://www.clearwaterdentist.com/porcelain-veneers-clearwater-fl,,"Porcelain Veneers Treatment in Clearwater, FL | Clearwater Dentist",1,"Porcelain Veneers at Clearwater, FL",161,6142,"(727) 285-8132|(727) 797-8444|727-591-4577|727-610-7702|727-300-0253","dentrix"
https://www.clearwaterdentist.com/smile-makeover,,"Smile Makeover Treatment in Clearwater, FL | Clearwater Dentist",1,"Smile Makeover Service in Clearwater, FL",162,5324,"(727) 285-8132|(727) 797-8444|727-591-4577|727-610-7702|727-300-0253","dentrix"
https://www.clearwaterdentist.com/teeth-whitening-clearwater-fl,,"Teeth Whitening Treatment in Clearwater, FL | Clearwater Dentist",1,"Teeth Whitening at Clearwater, FL",163,5948,"(727) 285-8132|(727) 797-8444|727-591-4577|727-610-7702|727-300-0253","dentrix"
https://www.clearwaterdentist.com/sedation-dentistry-clearwater-fl,,"Conquer Dental Anxiety With Sedation Dentistry in Clearwater FL",1,"Sedation Dentistry at Clearwater, FL",140,5715,"(727) 797-8444|(727) 285-8132|727-591-4577|727-610-7702|727-300-0253","dentrix"
https://www.clearwaterdentist.com/bone-grafting,,"Bone Grafting Treatment in Clearwater, FL | Clearwater Dentist",1,"Bone Grafting at Clearwater, FL",160,6405,"(727) 285-8132|(727) 797-8444|727-591-4577|727-610-7702|727-300-0253","dentrix"
https://www.clearwaterdentist.com,,"Family &amp; Cosmetic Dentistry in Clearwater, FL | Clearwater Dentist",4,"Welcome To",166,10055,"(727) 758-0243|(727) 285-8132|(727) 797-8444|7277580243|727-591-4577|727-610-7702|727-300-0253","dentrix|weave"
https://www.clearwaterdentist.com/meet-the-team,,"Meet The Team | Clearwater Dentist",1,"Meet The Team - Clearwater Dentist",164,5977,"(727) 797-8444|(727) 285-8132|727-591-4577|727-610-7702|727-300-0253","dentrix"
https://www.clearwaterdentist.com/tmj-treatment-clearwater-fl,,"TMJ Treatment in Clearwater, FL | Clearwater Dentist",1,"TMJ Treatment at Clearwater, FL",164,6627,"(727) 285-8132|(727) 797-8444|727-591-4577|727-610-7702|727-300-0253","dentrix"
https://www.clearwaterdentist.com/meet-the-doctor,,"Meet Dr. Nadia Pokrovskaya | Clearwater Dentist",1,"Meet Dr. Nadia Pokrovskaya",162,4802,"(727) 797-8444|(727) 285-8132|727-591-4577|727-610-7702|727-300-0253","dentrix"
https://www.clearwaterdentist.com/oral-cancer-screening,,"Oral Cancer Screening in Clearwater, FL | Clearwater Dentist",1,"Oral Cancer Screening at Clearwater, FL",165,4903,"(727) 285-8132|(727) 797-8444|727-591-4577|727-610-7702|727-300-0253","dentrix"
https://www.clearwaterdentist.com/laser-dentistry,,"Laser Dentistry in Clearwater, FL | Clearwater Dentist",1,"Laser Dentistry at Clearwater, FL",164,6286,"(727) 285-8132|(727) 797-8444|727-591-4577|727-610-7702|727-300-0253","dentrix"
https://www.clearwaterdentist.com/implant-supported-dentures-clearwater-fl,,"Implant Supported Denture Treatment in Clearwater, FL | Clearwater Dentist",1,"Implant-Supported Dentures at Clearwater, FL",159,9509,"(727) 797-8444|(727) 285-8132|727-591-4577|727-610-7702|727-300-0253","dentrix"
https://www.clearwaterdentist.com/dental-therapy-dogs-clearwater-fl,,"Dental Therapy Dogs in Clearwater, FL | Clearwater Dentist",1,"Dental Therapy Dogs at Clearwater, FL",163,5568,"(727) 285-8132|(727) 797-8444|727-591-4577|727-610-7702|727-300-0253","dentrix"
https://www.clearwaterdentist.com/cosmetic-dentistry,,"Cosmetic Dentistry in Clearwater, FL | Clearwater Dentist",1,"Cosmetic Dentistry in Clearwater, FL",166,8212,"(727) 797-8444|(727) 285-8132|727-591-4577|727-610-7702|727-300-0253","dentrix"
https://www.clearwaterdentist.com/solea-sleep,,"Solea Sleep Snoring Treatment in Clearwater, FL | Clearwater Dentist",1,"Solea Sleep Snoring Treatment",164,2996,"(727) 285-8132|(727) 797-8444|727-591-4577|727-610-7702|727-300-0253","dentrix"
https://www.clearwaterdentist.com/before-and-after,,"Before &amp; After Dental Gallery | Clearwater Dentist",1,"Before &amp; After Dental Gallery",164,4592,"(727) 797-8444|(727) 285-8132|7277580243|727-591-4577|727-610-7702|727-300-0253","dentrix"
https://www.clearwaterdentist.com/XERF-skin-tightening,,"XERF Skin Tightening in Clearwater, FL | Clearwater Dentist",1,"XERF Skin Tightening at Clearwater Dentist",161,4799,"(727) 285-8132|(727) 797-8444|727-591-4577|727-610-7702|727-300-0253","dentrix"
https://www.clearwaterdentist.com/Ultra-skin-resurfacing,,"LaseMD Ultra Laser Treatment in Clearwater, FL | Clearwater Dentist",1,"LaseMD Ultra Laser Treatment",164,4053,"(727) 285-8132|(727) 797-8444|7277580243|727-591-4577|727-610-7702|727-300-0253","dentrix"
https://www.clearwaterdentist.com/clearwater-dentist-dental-benefit-plans,,"Dental Benefit Programs",1,"Clearwater Dentist's Dental Benefit Programs",0,2677,"(727) 797-8444|(727) 285-8132|727-591-4577|727-610-7702|727-300-0253","dentrix"
https://www.clearwaterdentist.com/anti-anxiety-dentist-office,,"Anti-Anxiety Dentist Office in Clearwater, FL | Clearwater Dentist",1,"Anti-Anxiety Dentist Office in Clearwater",163,4098,"(727) 797-8444|(727) 285-8132|727-591-4577|727-610-7702|727-300-0253","dentrix"
https://www.clearwaterdentist.com/restorative-dentist-clearwater,,"Full-Mouth Reconstruction Treatment in Clearwater, FL | Clearwater Dentist",1,"Full-Mouth Reconstruction Treatment in Clearwater",167,5731,"(727) 285-8132|(727) 797-8444|727-591-4577|727-610-7702|727-300-0253","dentrix"
https://www.clearwaterdentist.com/financing,,"Dental Financing Options in Clearwater, FL | Clearwater Dentist",1,"Dental Financing Options",163,3508,"(727) 797-8444|(727) 285-8132|(727-285-8132|727-591-4577|727-610-7702|727-300-0253","dentrix"
https://www.clearwaterdentist.com/alphaeon,,"Alphaeon",0,"",0,2667,"(727) 797-8444|(727) 285-8132|727-591-4577|727-610-7702|727-300-0253","dentrix"
https://www.clearwaterdentist.com/blog/dental-cleaning-frequency-implants,,"How Often Dental Cleanings with Implants? | Clearwater",0,"",132,4867,"(727) 797-8444|(727) 285-8132|727-591-4577|727-610-7702|727-300-0253","dentrix"
https://www.clearwaterdentist.com/blog/dentist-for-anxious-patients-clearwater,,"Afraid of the Dentist? How to Find One You Can Trust",0,"",122,5115,"(727) 797-8444|(727) 285-8132|727-591-4577|727-610-7702|727-300-0253","dentrix"
https://www.clearwaterdentist.com/blog/emergency-dentist-clearwater-fl,,"Same-Day Emergency Dentist Clearwater FL | Dr. Nadia",0,"",129,4951,"(727) 797-8444|(727) 285-8132|727-591-4577|727-610-7702|727-300-0253","dentrix"
https://www.clearwaterdentist.com/blog/dental-implant-process-timeline,,"Dental Implant Process Start to Finish | Clearwater FL",0,"",125,5043,"(727) 797-8444|(727) 285-8132|727-591-4577|727-610-7702|727-300-0253","dentrix"
https://www.clearwaterdentist.com/blog/are-dental-implants-painful,,"Are Dental Implants Painful? | Clearwater Dentist FL",0,"",129,4893,"(727) 797-8444|(727) 285-8132|727-591-4577|727-610-7702|727-300-0253","dentrix"
https://www.clearwaterdentist.com/blog/how-long-do-dental-implants-last,,"How Long Do Dental Implants Last? | Clearwater Dentist",0,"",131,4904,"(727) 797-8444|(727) 285-8132|727-591-4577|727-610-7702|727-300-0253","dentrix"
https://www.clearwaterdentist.com/blog/questions-to-ask-dentist-consultation,,"10 Questions to Ask at Your Dental Consultation | Clearwater Dentist",0,"",164,4457,"(727) 797-8444|(727) 285-8132|727-591-4577|727-610-7702|727-300-0253","dentrix"
https://www.clearwaterdentist.com/blog/smile-makeover-timeline,,"How Long Does a Smile Makeover Take? Complete Timeline | Clearwater",0,"",161,4460,"(727) 797-8444|(727) 285-8132|727-591-4577|727-610-7702|727-300-0253","dentrix"
https://www.clearwaterdentist.com/blog/dental-implant-timeline,,"Dental Implant Timeline: What to Expect from Start to Finish | Clearwater",0,"",145,4751,"(727) 797-8444|(727) 285-8132|727-591-4577|727-610-7702|727-300-0253","dentrix"
https://www.clearwaterdentist.com/blog/havent-been-to-dentist-in-years,,"Haven't Been to the Dentist in Years? Here's What to Expect | Clearwater Dentist",0,"",142,4962,"(727) 797-8444|(727) 285-8132|727-591-4577|727-610-7702|727-300-0253","dentrix"
https://www.clearwaterdentist.com/new-patient-faqs,,"New Patient FAQs",0,"",0,4684,"(727) 797-8444|(727) 285-8132|727-591-4577|727-610-7702|727-300-0253","dentrix"
https://www.clearwaterdentist.com/clearwater-dentist-join-the-safety-harbor-chamber-of-commerce,,"Clearwater Dentist join the Safety Harbor Chamber of Commerce!",0,"",0,4498,"(727) 797-8444|(727) 285-8132|727-591-4577|727-610-7702|727-300-0253","dentrix"
https://www.clearwaterdentist.com/the-clearwater-glow-up-5-secrets-to-a-vacation-ready-smile-without-the-resort-price-tag,,"The Clearwater Glow-Up: 5 Secrets to a “Vacation-Ready” Smile (Without the Resort Price Tag)",0,"",0,4630,"(727) 797-8444|(727) 285-8132|727-591-4577|727-610-7702|727-300-0253","dentrix"
https://www.clearwaterdentist.com/v-soft-pdo-thread-lifts-in-clearwater-lift-smooth-and-rejuvenate-without-surgery,,"V Soft PDO Thread Lifts in Clearwater: Lift, Smooth, and Rejuvenate Without Surgery | Clearwater Dentist",0,"",0,4439,"(727) 797-8444|(727) 285-8132|727-797-8444|727-591-4577|727-610-7702|727-300-0253","dentrix"
https://www.clearwaterdentist.com/needle-free-dentistry-in-clearwater-discover-the-solea-laser-experience,,"🦷 Needle-Free Dentistry in Clearwater: Discover the Solea Laser Experience",0,"",165,4245,"(727) 797-8444|(727) 285-8132|727-591-4577|727-610-7702|727-300-0253","dentrix"
https://www.clearwaterdentist.com/dental-implants-in-clearwater-why-material-matters-how-our-team-makes-it-easy,,"Dental Implants in Clearwater: Why Material Matters &amp; How Our Team Makes It Easy | Clearwater Dentist",0,"",166,4511,"(727) 797-8444|(727) 285-8132|727-591-4577|727-610-7702|727-300-0253","dentrix"
https://www.clearwaterdentist.com/choosing-the-right-procedures-for-your-smile-makeover,,"Choosing the Right Procedures for Your Smile Makeover",0,"",158,5046,"(727) 797-8444|(727) 285-8132|727-591-4577|727-610-7702|727-300-0253","dentrix"
https://www.clearwaterdentist.com/invisalign-and-oral-health-beyond-straight-teeth,,"Invisalign and Oral Health: Beyond Straight Teeth",0,"",146,5035,"(727) 797-8444|(727) 285-8132|727-591-4577|727-610-7702|727-300-0253","dentrix"
https://www.clearwaterdentist.com/pediatric-dentistry-establishing-healthy-habits-early-on,,"Pediatric Dentistry: Establishing Healthy Habits Early On",0,"",30,4992,"(727) 797-8444|(727) 285-8132|727-591-4577|727-610-7702|727-300-0253","dentrix"
https://www.clearwaterdentist.com/dental-anxiety-tips-for-overcoming-fear-of-the-dentist,,"Dental Anxiety: Tips for Overcoming Fear of the Dentist",0,"",139,5048,"(727) 797-8444|(727) 285-8132|727-591-4577|727-610-7702|727-300-0253","dentrix"
https://www.clearwaterdentist.com/the-importance-of-regular-dental-check-ups-for-all-ages,,"The Importance of Regular Dental Check-Ups for All Ages",0,"",150,5066,"(727) 797-8444|(727) 285-8132|727-591-4577|727-610-7702|727-300-0253","dentrix"
https://www.clearwaterdentist.com/the-impact-of-missing-teeth-on-your-overall-health,,"The Impact of Missing Teeth on Your Overall Health",0,"",158,5005,"(727) 797-8444|(727) 285-8132|727-591-4577|727-610-7702|727-300-0253","dentrix"
https://www.clearwaterdentist.com/the-benefits-of-a-family-dentist-comprehensive-care-under-one-roof,,"The Benefits of a Family Dentist: Comprehensive Care Under One Roof",0,"",154,5020,"(727) 797-8444|(727) 285-8132|727-591-4577|727-610-7702|727-300-0253","dentrix"
https://www.clearwaterdentist.com/what-is-a-dental-therapy-dog,,"What Is a Dental Therapy Dog?",0,"",57,5006,"(727) 797-8444|(727) 285-8132|727-591-4577|727-610-7702|727-300-0253","dentrix|weave"
https://www.clearwaterdentist.com/taming-toothaches-home-remedies-and-when-to-see-a-dentist,,"Taming Toothaches: Home Remedies and When to See a Dentist",0,"",65,5009,"(727) 797-8444|(727) 285-8132|727-591-4577|727-610-7702|727-300-0253","dentrix"
https://www.clearwaterdentist.com/smiling-through-life-the-link-between-oral-health-and-overall-well-being,,"Smiling Through Life: Link Between Oral Health and Overall Well-Being",0,"",151,5016,"(727) 797-8444|(727) 285-8132|727-591-4577|727-610-7702|727-300-0253","dentrix"
https://www.clearwaterdentist.com/the-latest-advancements-in-cosmetic-dentistry,,"The Latest Advancements in Cosmetic Dentistry",0,"",137,4987,"(727) 797-8444|(727) 285-8132|727-591-4577|727-610-7702|727-300-0253","dentrix"
https://www.clearwaterdentist.com/5-signs-you-need-an-immediate-emergency-dental-extraction,,"5 Signs You Need an Immediate Emergency Dental Extraction",0,"",3,5000,"(727) 797-8444|(727) 285-8132|727-591-4577|727-610-7702|727-300-0253","dentrix"
https://www.clearwaterdentist.com/how-emergency-dentistry-in-clearwater-fl-can-relieve-your-pain,,"How Emergency Dentistry in Clearwater, FL, Can Relieve Your Pain",0,"",145,5035,"(727) 797-8444|(727) 285-8132|727-591-4577|727-610-7702|727-300-0253","dentrix"
https://www.clearwaterdentist.com/cosmetic-dentistry-in-clearwater-fl-types-of-smile-correction-procedures,,"Cosmetic Dentistry in Clearwater FL: Types of Smile Correction Procedures",0,"",156,4541,"(727) 797-8444|(727) 285-8132|727-591-4577|727-610-7702|727-300-0253","dentrix"
https://www.clearwaterdentist.com/general-dentistry-in-clearwater-fl-the-benefits-of-a-dental-deep-cleaning,,"General Dentistry Clearwater, FL: Benefits of Dental Deep Cleaning",0,"",151,4550,"(727) 797-8444|(727) 285-8132|727-591-4577|727-610-7702|727-300-0253","dentrix"
https://www.clearwaterdentist.com/blog/smile-makeover-timeline-clearwater,,"Smile Makeover in 1 Month? | Clearwater Dentist FL",0,"",137,4953,"(727) 797-8444|(727) 285-8132|727-591-4577|727-610-7702|727-300-0253","dentrix"
https://www.clearwaterdentist.com/blog/therapy-dog-dentist-clearwater,,"Therapy Dog at the Dentist | Clearwater Dentist FL",0,"",136,4945,"(727) 797-8444|(727) 285-8132|727-591-4577|727-610-7702|727-300-0253","dentrix"
https://www.clearwaterdentist.com/blog/why-clearwater-dentist-dr-nadia,,"Why Dr. Nadia Chose Clearwater FL | Clearwater Dentist",0,"",144,4945,"(727) 797-8444|(727) 285-8132|727-591-4577|727-610-7702|727-300-0253","dentrix"