"Address","Title 1","H1-1"
"https://artformplasticsurgery.com/","Home - artformplasticsurgery.com","Unlock Your Natural Radiance with Expert Care"
"https://artformplasticsurgery.com/functional/","Reconstructive and Functional - artformplasticsurgery.com","Reconstructive and Functional"
"https://artformplasticsurgery.com/skincare/","SKINCARE - artformplasticsurgery.com",""
"https://artformplasticsurgery.com/book-consultation/","Book Consultation - artformplasticsurgery.com",""
"https://artformplasticsurgery.com/contact/","Contact - artformplasticsurgery.com",""
"https://artformplasticsurgery.com/hair-restoration/","Hair Restoration - artformplasticsurgery.com",""
"https://artformplasticsurgery.com/gallery/","Gallery - artformplasticsurgery.com","Before & After Gallery"
"https://artformplasticsurgery.com/about-us/","About - artformplasticsurgery.com",""
"https://artformplasticsurgery.com/privacy-policy/","Privacy Policy - artformplasticsurgery.com",""
"https://artformplasticsurgery.com/non-surgical-procedures/","Non Surgical Procedures - artformplasticsurgery.com",""
"https://artformplasticsurgery.com/terms-and-conditions/","Terms & Conditions - artformplasticsurgery.com",""
"https://artformplasticsurgery.com/blog/","Blog - artformplasticsurgery.com",""
"https://artformplasticsurgery.com/services/","Services - artformplasticsurgery.com",""
"https://artformplasticsurgery.com/payment-plans/","Payment Plans - artformplasticsurgery.com",""
"https://artformplasticsurgery.com/cosmetic-procedures/","Cosmetic Procedures - artformplasticsurgery.com",""
"https://artformplasticsurgery.com/non-surgical-procedures-2/","Non Surgical Procedures - artformplasticsurgery.com","Non Surgical Procedures"
"https://artformplasticsurgery.com/buccal-fat-removal-sculpt-your-cheeks-for-a-slimmer-contoured-look/","Buccal Fat Removal: Sculpt Your Cheeks for a Slimmer, Contoured Look - artformplasticsurgery.com","Buccal Fat Removal: Sculpt Your Cheeks for a Slimmer, Contoured Look"
"https://artformplasticsurgery.com/split-earlobe-repair-restore-the-natural-look-of-your-earlobes/","Split Earlobe Repair: Restore the Natural Look of Your Earlobes - artformplasticsurgery.com","Split Earlobe Repair: Restore the Natural Look of Your Earlobes"
"https://artformplasticsurgery.com/facelift-rhytidectomy-rejuvenate-your-appearance-and-renew-confidence/","Facelift (Rhytidectomy): Rejuvenate Your Appearance and Renew Confidence - artformplasticsurgery.com",""
"https://artformplasticsurgery.com/chin-implant-enhance-your-profile-with-a-balanced-defined-chin/","Chin Implant: Enhance Your Profile with a Balanced, Defined Chin - artformplasticsurgery.com","Chin Implant: Enhance Your Profile with a Balanced, Defined Chin"
"https://artformplasticsurgery.com/rhinoplasty-nose-job-sculpting-confidence-and-facial-harmony/","Rhinoplasty (Nose Job): Sculpting Confidence and Facial Harmony - artformplasticsurgery.com",""
"https://artformplasticsurgery.com/scar-revision-minimizing-scars-for-smoother-natural-looking-skin/","Scar Revision: Minimizing Scars for Smoother, Natural-Looking Skin - artformplasticsurgery.com","Scar Revision: Minimizing Scars for Smoother, Natural-Looking Skin"
"https://artformplasticsurgery.com/category/uncategorized/","Uncategorized - artformplasticsurgery.com","Uncategorized"
"https://artformplasticsurgery.com/author/davidico247/","davidico247 - artformplasticsurgery.com","davidico247"
"https://artformplasticsurgery.com/browlift-restore-a-youthful-look-with-a-smooth-elevated-brow/","Browlift: Restore a Youthful Look with a Smooth, Elevated Brow - artformplasticsurgery.com","Browlift: Restore a Youthful Look with a Smooth, Elevated Brow"
"https://artformplasticsurgery.com/mohs-reconstruction-restoring-natural-beauty-after-skin-cancer-removal/","Mohs Reconstruction: Restoring Natural Beauty after Skin Cancer Removal - artformplasticsurgery.com","Mohs Reconstruction: Restoring Natural Beauty after Skin Cancer Removal"
"https://artformplasticsurgery.com/blepharoplasty-eyelid-lift-refresh-and-brighten-your-eyes-with-a-youthful-look/","Blepharoplasty (Eyelid Lift): Refresh and Brighten Your Eyes with a Youthful Look - artformplasticsurgery.com","Blepharoplasty (Eyelid Lift): Refresh and Brighten Your Eyes with a Youthful Look"
"https://artformplasticsurgery.com/author/artformpsyahoo-com/","artformps@yahoo.com - artformplasticsurgery.com","artformps@yahoo.com"
"https://artformplasticsurgery.com/category/uncategorized/page/2/","Uncategorized - artformplasticsurgery.com - Page 2","Uncategorized"
"https://artformplasticsurgery.com/lip-lift-enhance-your-smile-and-achieve-fuller-youthful-lips/","Lip Lift: Enhance Your Smile and Achieve Fuller, Youthful Lips - artformplasticsurgery.com","Lip Lift: Enhance Your Smile and Achieve Fuller, Youthful Lips"
"https://artformplasticsurgery.com/author/artformpsyahoo-com/page/2/","artformps@yahoo.com - artformplasticsurgery.com - Page 2","artformps@yahoo.com"
"https://artformplasticsurgery.com/nasal-breathing-procedures-achieve-lasting-relief-from-nasal-obstruction/","Nasal Breathing Procedures: Achieve Lasting Relief from Nasal Obstruction - artformplasticsurgery.com","Nasal Breathing Procedures: Achieve Lasting Relief from Nasal Obstruction"
