"Address","Occurrences","H1-1","H1-1 Length","H1-2","H1-2 Length","Indexability","Indexability Status"
"https://artformplasticsurgery.com/","1","Unlock Your Natural Radiance with Expert Care","45","","0","Indexable",""
"https://artformplasticsurgery.com/functional/","1","Reconstructive and Functional","29","","0","Indexable",""
"https://artformplasticsurgery.com/skincare/","0","","0","","0","Indexable",""
"https://artformplasticsurgery.com/book-consultation/","0","","0","","0","Indexable",""
"https://artformplasticsurgery.com/contact/","0","","0","","0","Indexable",""
"https://artformplasticsurgery.com/hair-restoration/","0","","0","","0","Indexable",""
"https://artformplasticsurgery.com/gallery/","1","Before & After Gallery","22","","0","Indexable",""
"https://artformplasticsurgery.com/about-us/","0","","0","","0","Indexable",""
"https://artformplasticsurgery.com/privacy-policy/","0","","0","","0","Indexable",""
"https://artformplasticsurgery.com/non-surgical-procedures/","0","","0","","0","Indexable",""
"https://artformplasticsurgery.com/terms-and-conditions/","0","","0","","0","Indexable",""
"https://artformplasticsurgery.com/blog/","0","","0","","0","Indexable",""
"https://artformplasticsurgery.com/services/","0","","0","","0","Indexable",""
"https://artformplasticsurgery.com/payment-plans/","0","","0","","0","Indexable",""
"https://artformplasticsurgery.com/cosmetic-procedures/","0","","0","","0","Indexable",""
"https://artformplasticsurgery.com/non-surgical-procedures-2/","1","Non Surgical Procedures","23","","0","Indexable",""
"https://artformplasticsurgery.com/buccal-fat-removal-sculpt-your-cheeks-for-a-slimmer-contoured-look/","1","Buccal Fat Removal: Sculpt Your Cheeks for a Slimmer, Contoured Look","68","","0","Indexable",""
"https://artformplasticsurgery.com/split-earlobe-repair-restore-the-natural-look-of-your-earlobes/","1","Split Earlobe Repair: Restore the Natural Look of Your Earlobes","63","","0","Indexable",""
"https://artformplasticsurgery.com/facelift-rhytidectomy-rejuvenate-your-appearance-and-renew-confidence/","0","","0","","0","Indexable",""
"https://artformplasticsurgery.com/chin-implant-enhance-your-profile-with-a-balanced-defined-chin/","1","Chin Implant: Enhance Your Profile with a Balanced, Defined Chin","64","","0","Indexable",""
"https://artformplasticsurgery.com/rhinoplasty-nose-job-sculpting-confidence-and-facial-harmony/","0","","0","","0","Indexable",""
"https://artformplasticsurgery.com/scar-revision-minimizing-scars-for-smoother-natural-looking-skin/","2","Scar Revision: Minimizing Scars for Smoother, Natural-Looking Skin","66","Scar Revision: Minimizing Scars for Smoother, Natural-Looking Skin","66","Indexable",""
"https://artformplasticsurgery.com/category/uncategorized/","1","Uncategorized","13","","0","Indexable",""
"https://artformplasticsurgery.com/author/davidico247/","1","davidico247","11","","0","Indexable",""
"https://artformplasticsurgery.com/browlift-restore-a-youthful-look-with-a-smooth-elevated-brow/","1","Browlift: Restore a Youthful Look with a Smooth, Elevated Brow","62","","0","Indexable",""
"https://artformplasticsurgery.com/mohs-reconstruction-restoring-natural-beauty-after-skin-cancer-removal/","1","Mohs Reconstruction: Restoring Natural Beauty after Skin Cancer Removal","71","","0","Indexable",""
"https://artformplasticsurgery.com/blepharoplasty-eyelid-lift-refresh-and-brighten-your-eyes-with-a-youthful-look/","1","Blepharoplasty (Eyelid Lift): Refresh and Brighten Your Eyes with a Youthful Look","81","","0","Indexable",""
"https://artformplasticsurgery.com/author/artformpsyahoo-com/","1","artformps@yahoo.com","19","","0","Indexable",""
"https://artformplasticsurgery.com/category/uncategorized/page/2/","1","Uncategorized","13","","0","Non-Indexable","noindex"
"https://artformplasticsurgery.com/lip-lift-enhance-your-smile-and-achieve-fuller-youthful-lips/","1","Lip Lift: Enhance Your Smile and Achieve Fuller, Youthful Lips","62","","0","Indexable",""
"https://artformplasticsurgery.com/author/artformpsyahoo-com/page/2/","1","artformps@yahoo.com","19","","0","Non-Indexable","noindex"
"https://artformplasticsurgery.com/nasal-breathing-procedures-achieve-lasting-relief-from-nasal-obstruction/","1","Nasal Breathing Procedures: Achieve Lasting Relief from Nasal Obstruction","73","","0","Indexable",""
