"Address","Occurrences","Meta Description 1","Meta Description 1 Length","Meta Description 1 Pixel Width","Indexability","Indexability Status"
"https://artformplasticsurgery.com/","1","Unlock Your Natural Radiance with Expert Care Book A Consultation How Can We Help You? At Art Form Plastic Surgery, we specialize in enhancing natural beauty. Led by renowned Facial Plastic and Reconstructive Surgeon, Dr. Christopher Kieliszak, our practice is dedicated to delivering exceptional patient care and clinical results. Explore Our Comprehensive Services Services include:","384","2373","Indexable",""
"https://artformplasticsurgery.com/functional/","1","Reconstructive and Functional Procedures Our Services What Services We Offer View Pricing Information Here (813) 563-3735 Lumps and Bumps RemovalLumps and bumps removal includes excision of cysts, lipomas, and other benign growths beneath the skin. The procedure is performed under local anesthesia with careful attention to cosmetic closure. Most removals are completed in less than","383","2450","Indexable",""
"https://artformplasticsurgery.com/skincare/","1","Skincare Our Services What Services We Offer View Pricing Information Here (813) 563-3735 SkincareProfessional skincare treatments are designed to maintain healthy, radiant skin and enhance the results of aesthetic procedures. Customized regimens may include medical-grade products, chemical peels, and maintenance treatments tailored to your skin type and concerns. Regular skincare supports collagen health, improves texture,","427","2684","Indexable",""
"https://artformplasticsurgery.com/book-consultation/","1","Book a Consultation","19","126","Indexable",""
"https://artformplasticsurgery.com/contact/","1","Get In Touch Contact Us To Schedule Your Consultation Get Consultation Phone : (813) 563-3735 Location 1 : 801 2nd St N. Safety Harbor, FL 34695 Location 2 : 1000 W Kennedy Blvd #202, Tampa, FL 33606 Email : info@artformplasticsurgery.com Open Hours Monday - Friday: 08:00AM - 05:00PM Saturday & Sunday: By appointment only How","327","2127","Indexable",""
"https://artformplasticsurgery.com/hair-restoration/","1","Hair Restoration Procedures Our Services What Services We Offer View Pricing Information Here (813) 563-3735 Hair TransplantA hair transplant restores natural density by relocating permanent follicles from a donor area to thinning sites using FUE or FUT techniques. Performed under local anesthesia, the procedure requires about one week of recovery. While new growth begins at","377","2355","Indexable",""
"https://artformplasticsurgery.com/gallery/","1","Before & After Gallery This page showcases the work of our experienced surgeon and the amazing transformations he has achieved for his patients. We must warn you that some of the images may be graphic in nature, but they demonstrate real results of the work we do. Schedule an Appointment With Us Book Consultation The","318","2022","Indexable",""
"https://artformplasticsurgery.com/about-us/","1","About Art Form Plastic Surgery We're Known For... Modern Technology Board Certified Doctor Satisfied Patients Our Doctors Meet Dr. Kieliszak Dr. Christopher KieliszakCEO Art Form Plastic Surgery Dr. Christopher Kieliszak (“Dr. K”) specializes in Facial Plastic Surgery. He is an expert in surgical and nonsurgical procedures of the Face, Neck and Hair. He is an","361","2203","Indexable",""
"https://artformplasticsurgery.com/privacy-policy/","1","Privacy Policy Disclosure Artform Plastic Surgery respects your privacy and is committed to protecting your personal information. Information We Collect: We may collect personal information such as your name, phone number, email address, and other details provided when you contact us, request information, or sign up for updates. How We Use Your Information: Your information","376","2354","Indexable",""
"https://artformplasticsurgery.com/non-surgical-procedures/","1","Non Surgical Procedures Our Services What Services We Offer View Pricing Information Here Filler (Juvederm, Restylane, various other products)These types of injections are made directly into the skin, and work by restoring volume and reshaping the skin. There are many fillers on the market today. We will help you find the optimal product or combination","354","2180","Indexable",""
"https://artformplasticsurgery.com/terms-and-conditions/","1","SMS Terms of ServiceBy opting in to receive SMS messages from Artform Plastic Surgery through our website, forms, or other communication channels, you consent to receive text messages related to our services. These may include, but are not limited to, appointment reminders, confirmations, updates, promotions, and customer care messages.Message Frequency: Message frequency may vary depending","393","2512","Indexable",""
"https://artformplasticsurgery.com/blog/","1","Learn More About Our Procedures... edit post Rhinoplasty (Nose Job): Sculpting Confidence and Facial Harmony Rhinoplasty (Nose Job): Sculpting Confidence and Facial Harmony Rhinoplasty, commonly referred to as a “nose job,” is a highly sought-after surgical procedure aimed... Read More edit post Split Earlobe Repair: Restore the Natural Look of Your Earlobes Our Blog Home","374","2351","Indexable",""
"https://artformplasticsurgery.com/services/","1","Services Our Services What Service We Offer Rhinoplasty Read More Botox Injection Read More Facelift Read More Book Now Make An Appointment Opening Hours Monday - Thursday 08.00 - 20.00 Friday 08.00 - 17.00 Saturday 09.00 - 14.00 Sunday 09.00 - 18.00 Get a Free Estimate or Schedule an Appointment With Us Book Consultation Our","327","2118","Indexable",""
"https://artformplasticsurgery.com/payment-plans/","0","","0","0","Indexable",""
"https://artformplasticsurgery.com/cosmetic-procedures/","1","Cosmetic Procedures Our Services What Services We Offer View Pricing Information Here (813) 563-3735 Facelift, NeckliftA rhytidectomy is surgery to remove excess skin and tighten muscles in the neck and lower part of the face. This helps to improve sagging skin and jowls. A facelift can restore a patient’s confidence and enhance their appearance. Recovery","357","2213","Indexable",""
"https://artformplasticsurgery.com/non-surgical-procedures-2/","1","Non Surgical Procedures Our Services What Services We Offer View Pricing Information Here (813) 563-3735 Filler (Juvederm, Restylane, various other products)These types of injections are made directly into the skin, and work by restoring volume and reshaping the skin. There are many fillers on the market today. We will help you find the optimal product","354","2183","Indexable",""
"https://artformplasticsurgery.com/buccal-fat-removal-sculpt-your-cheeks-for-a-slimmer-contoured-look/","1","Our Blog Home Blog Buccal fat removal, also known as cheek sculpting, is a popular cosmetic procedure that removes excess fat pads from the inner cheeks to create a more defined, contoured facial structure. By reducing fullness in the cheek area and enhancing cheekbone definition, buccal fat removal rejuvenates the appearance and creates a more sculpted,","356","2223","Indexable",""
"https://artformplasticsurgery.com/split-earlobe-repair-restore-the-natural-look-of-your-earlobes/","1","Our Blog Home Blog A split earlobe repair, also known as earlobe reconstruction, is a popular cosmetic procedure that restores damaged or torn earlobes to their natural appearance. By repairing split lobes caused by heavy earrings, trauma, or gauge stretching, split earlobe repair rejuvenates the ear area and restores natural facial balance. The procedure involves","366","2237","Indexable",""
"https://artformplasticsurgery.com/facelift-rhytidectomy-rejuvenate-your-appearance-and-renew-confidence/","1","Our Blog Home Blog Facelift (Rhytidectomy): Rejuvenate Your Appearance and Renew Confidence Facelift (Rhytidectomy): Rejuvenate Your Appearance and Renew ConfidenceA facelift, medically known as rhytidectomy, is a transformative surgical procedure that helps individuals restore a youthful appearance by tightening sagging skin and muscles in the neck and lower face. This popular cosmetic procedure can offer","409","2590","Indexable",""
"https://artformplasticsurgery.com/chin-implant-enhance-your-profile-with-a-balanced-defined-chin/","1","Our Blog Home Blog A chin implant, also known as mentoplasty, is a popular cosmetic procedure that enhances chin projection and creates a more balanced, defined facial profile. By addressing a recessed or underprojected chin and improving facial proportions, a chin implant rejuvenates the appearance and restores natural facial harmony. The procedure involves inserting a biocompatible","386","2406","Indexable",""
"https://artformplasticsurgery.com/rhinoplasty-nose-job-sculpting-confidence-and-facial-harmony/","1","Rhinoplasty (Nose Job): Sculpting Confidence and Facial Harmony Rhinoplasty, commonly referred to as a “nose job,” is a highly sought-after surgical procedure aimed at reshaping and refining the nose to enhance facial aesthetics and improve breathing functionality. Whether for cosmetic purposes or medical reasons, rhinoplasty offers a way to achieve harmony between facial features and","387","2418","Indexable",""
"https://artformplasticsurgery.com/scar-revision-minimizing-scars-for-smoother-natural-looking-skin/","1","Our Blog Home Blog Scar revision is a cosmetic procedure tailored to reduce the appearance of scars, making them blend more naturally with surrounding skin. Whether caused by injury, surgery, or acne, scars can vary in size, color, and texture, often affecting one’s confidence. Scar revision offers a solution to minimize the visibility of scars","346","2089","Indexable",""
"https://artformplasticsurgery.com/category/uncategorized/","0","","0","0","Indexable",""
"https://artformplasticsurgery.com/author/davidico247/","0","","0","0","Indexable",""
"https://artformplasticsurgery.com/browlift-restore-a-youthful-look-with-a-smooth-elevated-brow/","1","Our Blog Home Blog A browlift, also known as a forehead lift, is a popular cosmetic procedure that reduces forehead lines and wrinkles while lifting the brows to a youthful, elevated position. By addressing drooping brows and signs of aging in the upper face, a browlift rejuvenates the appearance and restores natural facial balance. The","338","2065","Indexable",""
"https://artformplasticsurgery.com/mohs-reconstruction-restoring-natural-beauty-after-skin-cancer-removal/","1","Our Blog Home Blog Mohs reconstruction is a specialized procedure that restores the appearance of areas affected by skin cancer removal, particularly on the face. Following a Mohs procedure, which removes cancerous tissue layer by layer, Mohs reconstruction focuses on reconstructing the surgical site to achieve the most natural-looking results while minimizing visible scarring. Often","386","2383","Indexable",""
"https://artformplasticsurgery.com/blepharoplasty-eyelid-lift-refresh-and-brighten-your-eyes-with-a-youthful-look/","1","Our Blog Home Blog Blepharoplasty, commonly known as an “eyelid lift,” is a surgical procedure that removes excess skin, fat, and wrinkles from the upper and lower eyelids, resulting in a rejuvenated, alert appearance. This popular cosmetic surgery helps eliminate the look of tired, puffy eyes and restores youthful contours to the eye area. With","347","2110","Indexable",""
"https://artformplasticsurgery.com/author/artformpsyahoo-com/","0","","0","0","Indexable",""
"https://artformplasticsurgery.com/category/uncategorized/page/2/","1","- Page 2","8","50","Non-Indexable","noindex"
"https://artformplasticsurgery.com/lip-lift-enhance-your-smile-and-achieve-fuller-youthful-lips/","1","Our Blog Home Blog Fat grafting, also known as autologous fat transfer, is a revolutionary cosmetic procedure that utilizes your body’s natural fat to restore volume and contour to the face. This minimally invasive technique allows for the removal of fat from areas such as the abdomen, thighs, or flanks, which is then purified and","332","2025","Indexable",""
"https://artformplasticsurgery.com/author/artformpsyahoo-com/page/2/","1","- Page 2","8","50","Non-Indexable","noindex"
"https://artformplasticsurgery.com/nasal-breathing-procedures-achieve-lasting-relief-from-nasal-obstruction/","1","Our Blog Home Blog Nasal obstruction, often due to anatomical blockages in the nose, can hinder airflow and create feelings of congestion or “stuffiness.” While home remedies and medications may provide temporary relief, true and lasting improvement is achieved by addressing the underlying causes of the obstruction. Nasal breathing procedures, such as Latera implants, VivAer,","378","2352","Indexable",""
