"Address","Occurrences","Title 1","Title 1 Length","Title 1 Pixel Width","Indexability","Indexability Status"
"https://artformplasticsurgery.com/","1","Home - artformplasticsurgery.com","32","307","Indexable",""
"https://artformplasticsurgery.com/functional/","1","Reconstructive and Functional - artformplasticsurgery.com","57","522","Indexable",""
"https://artformplasticsurgery.com/skincare/","1","SKINCARE - artformplasticsurgery.com","36","346","Indexable",""
"https://artformplasticsurgery.com/book-consultation/","1","Book Consultation - artformplasticsurgery.com","45","415","Indexable",""
"https://artformplasticsurgery.com/contact/","1","Contact - artformplasticsurgery.com","35","323","Indexable",""
"https://artformplasticsurgery.com/hair-restoration/","1","Hair Restoration - artformplasticsurgery.com","44","398","Indexable",""
"https://artformplasticsurgery.com/gallery/","1","Gallery - artformplasticsurgery.com","35","315","Indexable",""
"https://artformplasticsurgery.com/about-us/","1","About - artformplasticsurgery.com","33","306","Indexable",""
"https://artformplasticsurgery.com/privacy-policy/","1","Privacy Policy - artformplasticsurgery.com","42","376","Indexable",""
"https://artformplasticsurgery.com/non-surgical-procedures/","1","Non Surgical Procedures - artformplasticsurgery.com","51","473","Indexable",""
"https://artformplasticsurgery.com/terms-and-conditions/","1","Terms & Conditions - artformplasticsurgery.com","46","428","Indexable",""
"https://artformplasticsurgery.com/blog/","1","Blog - artformplasticsurgery.com","32","292","Indexable",""
"https://artformplasticsurgery.com/services/","1","Services - artformplasticsurgery.com","36","329","Indexable",""
"https://artformplasticsurgery.com/payment-plans/","1","Payment Plans - artformplasticsurgery.com","41","388","Indexable",""
"https://artformplasticsurgery.com/cosmetic-procedures/","1","Cosmetic Procedures - artformplasticsurgery.com","47","445","Indexable",""
"https://artformplasticsurgery.com/non-surgical-procedures-2/","1","Non Surgical Procedures - artformplasticsurgery.com","51","473","Indexable",""
"https://artformplasticsurgery.com/buccal-fat-removal-sculpt-your-cheeks-for-a-slimmer-contoured-look/","1","Buccal Fat Removal: Sculpt Your Cheeks for a Slimmer, Contoured Look - artformplasticsurgery.com","96","889","Indexable",""
"https://artformplasticsurgery.com/split-earlobe-repair-restore-the-natural-look-of-your-earlobes/","1","Split Earlobe Repair: Restore the Natural Look of Your Earlobes - artformplasticsurgery.com","91","810","Indexable",""
"https://artformplasticsurgery.com/facelift-rhytidectomy-rejuvenate-your-appearance-and-renew-confidence/","1","Facelift (Rhytidectomy): Rejuvenate Your Appearance and Renew Confidence - artformplasticsurgery.com","100","937","Indexable",""
"https://artformplasticsurgery.com/chin-implant-enhance-your-profile-with-a-balanced-defined-chin/","1","Chin Implant: Enhance Your Profile with a Balanced, Defined Chin - artformplasticsurgery.com","92","831","Indexable",""
"https://artformplasticsurgery.com/rhinoplasty-nose-job-sculpting-confidence-and-facial-harmony/","1","Rhinoplasty (Nose Job): Sculpting Confidence and Facial Harmony - artformplasticsurgery.com","91","840","Indexable",""
"https://artformplasticsurgery.com/scar-revision-minimizing-scars-for-smoother-natural-looking-skin/","1","Scar Revision: Minimizing Scars for Smoother, Natural-Looking Skin - artformplasticsurgery.com","94","853","Indexable",""
"https://artformplasticsurgery.com/category/uncategorized/","1","Uncategorized - artformplasticsurgery.com","41","382","Indexable",""
"https://artformplasticsurgery.com/author/davidico247/","1","davidico247 - artformplasticsurgery.com","39","360","Indexable",""
"https://artformplasticsurgery.com/browlift-restore-a-youthful-look-with-a-smooth-elevated-brow/","1","Browlift: Restore a Youthful Look with a Smooth, Elevated Brow - artformplasticsurgery.com","90","815","Indexable",""
"https://artformplasticsurgery.com/mohs-reconstruction-restoring-natural-beauty-after-skin-cancer-removal/","1","Mohs Reconstruction: Restoring Natural Beauty after Skin Cancer Removal - artformplasticsurgery.com","99","915","Indexable",""
"https://artformplasticsurgery.com/blepharoplasty-eyelid-lift-refresh-and-brighten-your-eyes-with-a-youthful-look/","1","Blepharoplasty (Eyelid Lift): Refresh and Brighten Your Eyes with a Youthful Look - artformplasticsurgery.com","109","967","Indexable",""
"https://artformplasticsurgery.com/author/artformpsyahoo-com/","1","artformps@yahoo.com - artformplasticsurgery.com","47","457","Indexable",""
"https://artformplasticsurgery.com/category/uncategorized/page/2/","1","Uncategorized - artformplasticsurgery.com - Page 2","50","460","Non-Indexable","noindex"
"https://artformplasticsurgery.com/lip-lift-enhance-your-smile-and-achieve-fuller-youthful-lips/","1","Lip Lift: Enhance Your Smile and Achieve Fuller, Youthful Lips - artformplasticsurgery.com","90","798","Indexable",""
"https://artformplasticsurgery.com/author/artformpsyahoo-com/page/2/","1","artformps@yahoo.com - artformplasticsurgery.com - Page 2","56","535","Non-Indexable","noindex"
"https://artformplasticsurgery.com/nasal-breathing-procedures-achieve-lasting-relief-from-nasal-obstruction/","1","Nasal Breathing Procedures: Achieve Lasting Relief from Nasal Obstruction - artformplasticsurgery.com","101","923","Indexable",""
